,Probe,Initiator Sequence,L/R
0,1,TCATCTCAGTTAGT,L
3,2,TGAATGACTTCTGG,L
6,3,CGATGAGATTACAG,L
9,4,CAGATGCTTATTGA,L
12,5,CCTAAGTAGTGGAA,L
15,6,ATCCTCATTAGACA,L
18,7,TTATGTCTTGTGGC,L
21,8,CTCGTATCCTTCTT,L
24,9,AATCGTGGTATCTA,L
27,10,AAGATAAGTTCCTC,L
30,11,CTCATAACCTACCT,L
33,12,TAGAGAGGTAGCAA,L
36,13,CCTGTAACGAATAG,L
39,14,GTATTTCCGATGAC,L
42,15,GAGGTTAGAGAAGC,L
45,16,TTATGAGGTAGGTC,L
48,17,GAATGCCTTATCAC,L
51,18,ACTGGTGAATGGAT,L
54,19,TCCATCTAACTTGC,L
57,20,CACAGTGATAATGC,L
60,21,GTGCGGACAATAAT,L
63,22,GTGTTAGGTATTGG,L
66,23,GCATAACCTAAGTG,L
69,24,CTCACTGATACACT,L
72,25,CTTGTGGAGATTGT,L
75,26,CGTTGAAGATAACC,L
78,27,CGCACATAATCAAT,L
81,28,CGGTAATAAGTCTC,L
84,29,CAGAGTGTTCAATC,L
87,30,TCTAATGTCATCCT,L
90,1,TACTTACTCAGCAC,R
93,2,TAGGTAACATCTGA,R
96,3,TCAAGGAGTAATCC,R
99,4,GAATACAATAGCGG,R
102,5,CATAAGAGGTCTGA,R
105,6,TACAACGACGATTC,R
108,7,ACAGTTCTACGAAT,R
111,8,CCGTCATCACATTA,R
114,9,TGTGGTTGTAGTAT,R
117,10,CGTATTCTTCCGAA,R
120,11,TGACACTATGATGT,R
123,12,GCAAGAATAGACCA,R
126,13,CAACCATTGAAGAC,R
129,14,ACTAAAGGACCTAC,R
132,15,GATGAAGCCTATTA,R
135,16,TTGGTAGAAGGATG,R
138,17,CTGAACCGTGTAAT,R
141,18,GGATACATTGATGG,R
144,19,GATGTAACACCTCT,R
147,20,GGATAACCACTGTC,R
150,21,CTACAATCGTCAGC,R
153,22,CCAAGAGACAATCT,R
156,23,ATTCCATTATGTGC,R
159,24,AGTAATAGGCAAGA,R
162,25,CTTCAAGACTTACC,R
165,26,CGACACTCATAGAA,R
168,27,GCACCGTTCTTATT,R
171,28,AACGATACTTGGTC,R
174,29,CTATGAAGGAGTCA,R
177,30,CGGAATGGATTGTT,R
