id	sequence	gene	transcript_id	exon_id	chromosome	start	end	strand	length	melting_temperature	GC_content
bc25mer_1	TATGAGGACGAATCTCCCGCTTATA								25	72.0	0.44
bc25mer_2	GGTCTTGACAAACGTGTGCTTGTAC								25	74.0	0.48
bc25mer_3	GTTTATCGGGCGTGGTGCTCGCATA								25	78.0	0.56
bc25mer_4	CCGATGTTGACGGACTAATCCTGAC								25	76.0	0.52
bc25mer_5	TAGTAGTTCAGACGCCGTTAAGCGC								25	76.0	0.52
bc25mer_6	CCGTACCTAGATACACTCAATTTGT								25	70.0	0.4
bc25mer_7	GGGGTTCCGTTTTACATTCCAGGAA								25	74.0	0.48
bc25mer_8	TATCCCGTGAAGCTTGAGTGGAATC								25	74.0	0.48
bc25mer_9	CTGACGTGTGAGGCGCTAGAGCATA								25	78.0	0.56
